<?xml version="1.0" encoding="utf-8"?>
<MediaImport xmlns:xsd="http://www.w3.org/2001/XMLSchema" xmlns:xsi="http://www.w3.org/2001/XMLSchema-instance">
  <ProviderName>InriverMedias</ProviderName>
  <MediaType name="ImageMediaData">
    <ContentType>Foundation.Features.Media.ImageMediaData, Foundation</ContentType>
  </MediaType>
  <MediaGroup mediaTypeName="ImageMediaData" count="1">
    <Media>
      <IntegrationId>Test.jpg</IntegrationId>
      <Name>Test.jpg</Name>
      <BlobContent>
        <FileInArchive>Test.jpg</FileInArchive>
      </BlobContent>
      <ContentFolderUri>Test</ContentFolderUri>
    </Media>
  </MediaGroup>
</MediaImport>